{
  "sig_inj_opts": {
    "flux_model": {
      "model": "power_law_flux", 
      "args": {
        "E0": 1.0, 
        "gamma": 2.0, 
        "phi0": 1.0
      }
    }, 
    "sindec_inj_width": 0.03489949670250097, 
    "mode": "band", 
    "dec_range": [
      -1.5707963267948966, 
      1.5707963267948966
    ]
  }, 
  "model_energy_opts": {
    "mc_bg_w": null, 
    "edge_fillval": "minmax_col", 
    "force_logE_asc": true, 
    "flux_model": {
      "model": "power_law_flux", 
      "args": {
        "E0": 1.0, 
        "gamma": 2.0, 
        "phi0": 1.0
      }
    }, 
    "interp_col_log": false, 
    "bins": [
      [
        -1.0, 
        -0.8333333333333334, 
        -0.6666666666666667, 
        -0.49999999999999994, 
        -0.4285714285714285, 
        -0.3571428571428571, 
        -0.2857142857142857, 
        -0.21428571428571425, 
        -0.14285714285714285, 
        -0.0714285714285714, 
        5.551115123125783e-17, 
        0.07142857142857145, 
        0.14285714285714285, 
        0.21428571428571425, 
        0.28571428571428575, 
        0.35714285714285715, 
        0.42857142857142855, 
        0.49999999999999994, 
        0.6666666666666666, 
        0.8333333333333333, 
        1.0
      ], 
      [
        0.0, 
        0.3793103448275862, 
        0.7586206896551724, 
        1.1379310344827585, 
        1.5172413793103448, 
        1.896551724137931, 
        2.275862068965517, 
        2.655172413793103, 
        3.0344827586206895, 
        3.413793103448276, 
        3.793103448275862, 
        4.172413793103448, 
        4.551724137931034, 
        4.93103448275862, 
        5.310344827586206, 
        5.689655172413793, 
        6.068965517241379, 
        6.448275862068965, 
        6.827586206896552, 
        7.206896551724138, 
        7.586206896551724, 
        7.96551724137931, 
        8.344827586206897, 
        8.724137931034482, 
        9.103448275862068, 
        9.482758620689655, 
        9.86206896551724, 
        10.241379310344827, 
        10.620689655172413, 
        11.0
      ]
    ]
  }, 
  "model_spatial_opts": {
    "n_scan_bins": 25, 
    "select_ev_sigma": 5.0, 
    "rate_rebins": [
      55694.99825262627, 
      55728.39988569091, 
      55761.80151875556, 
      55795.2031518202, 
      55828.60478488484, 
      55862.00641794948, 
      55895.40805101413, 
      55928.80968407877, 
      55962.21131714341, 
      55995.61295020805, 
      56029.0145832727, 
      56062.41621633734
    ], 
    "sindec_bins": [
      -1.0, 
      -0.8333333333333334, 
      -0.6666666666666667, 
      -0.49999999999999994, 
      -0.4285714285714285, 
      -0.3571428571428571, 
      -0.2857142857142857, 
      -0.21428571428571425, 
      -0.14285714285714285, 
      -0.0714285714285714, 
      5.551115123125783e-17, 
      0.07142857142857145, 
      0.14285714285714285, 
      0.21428571428571425, 
      0.28571428571428575, 
      0.35714285714285715, 
      0.42857142857142855, 
      0.49999999999999994, 
      0.6666666666666666, 
      0.8333333333333333, 
      1.0
    ], 
    "kent": true, 
    "spl_s": 10, 
    "n_mc_evts_min": 500
  }, 
  "model_time_opts": {
    "window_opt": "overlapping"
  }, 
  "llh_opts": {
    "sob_abs_eps": 0.001, 
    "minimizer": "L-BFGS-B", 
    "sob_rel_eps": 0, 
    "minimizer_opts": {
      "maxiter": 1000, 
      "gtol": 1e-10, 
      "ftol": 1e-15
    }, 
    "ns_bounds": [
      0.0, 
      null
    ]
  }, 
  "bg_inj_opts": {
    "spl_s": 10, 
    "n_scan_bins": 25, 
    "n_data_evts_min": 100, 
    "rate_rebins": [
      55694.99825262627, 
      55728.39988569091, 
      55761.80151875556, 
      55795.2031518202, 
      55828.60478488484, 
      55862.00641794948, 
      55895.40805101413, 
      55928.80968407877, 
      55962.21131714341, 
      55995.61295020805, 
      56029.0145832727, 
      56062.41621633734
    ], 
    "sindec_bins": [
      -1.0, 
      -0.8333333333333334, 
      -0.6666666666666667, 
      -0.49999999999999994, 
      -0.4285714285714285, 
      -0.3571428571428571, 
      -0.2857142857142857, 
      -0.21428571428571425, 
      -0.14285714285714285, 
      -0.0714285714285714, 
      5.551115123125783e-17, 
      0.07142857142857145, 
      0.14285714285714285, 
      0.21428571428571425, 
      0.28571428571428575, 
      0.35714285714285715, 
      0.42857142857142855, 
      0.49999999999999994, 
      0.6666666666666666, 
      0.8333333333333333, 
      1.0
    ]
  }
}