{
  "sig_inj_opts": {
    "flux_model": {
      "model": "power_law_flux", 
      "args": {
        "E0": 1.0, 
        "gamma": 2.0, 
        "phi0": 1.0
      }
    }, 
    "sindec_inj_width": 0.03489949670250097, 
    "mode": "band", 
    "dec_range": [
      -1.5707963267948966, 
      1.5707963267948966
    ]
  }, 
  "model_energy_opts": {
    "mc_bg_w": null, 
    "edge_fillval": "minmax_col", 
    "force_logE_asc": true, 
    "flux_model": {
      "model": "power_law_flux", 
      "args": {
        "E0": 1.0, 
        "gamma": 2.0, 
        "phi0": 1.0
      }
    }, 
    "interp_col_log": false, 
    "bins": [
      [
        -1.0, 
        -0.8333333333333334, 
        -0.6666666666666667, 
        -0.49999999999999994, 
        -0.4285714285714285, 
        -0.3571428571428571, 
        -0.2857142857142857, 
        -0.21428571428571425, 
        -0.14285714285714285, 
        -0.0714285714285714, 
        5.551115123125783e-17, 
        0.07142857142857145, 
        0.14285714285714285, 
        0.21428571428571425, 
        0.28571428571428575, 
        0.35714285714285715, 
        0.42857142857142855, 
        0.49999999999999994, 
        0.6666666666666666, 
        0.8333333333333333, 
        1.0
      ], 
      [
        1.0, 
        1.3448275862068966, 
        1.6896551724137931, 
        2.0344827586206895, 
        2.3793103448275863, 
        2.724137931034483, 
        3.0689655172413794, 
        3.413793103448276, 
        3.7586206896551726, 
        4.103448275862069, 
        4.448275862068966, 
        4.793103448275862, 
        5.137931034482759, 
        5.482758620689656, 
        5.827586206896552, 
        6.172413793103448, 
        6.517241379310345, 
        6.862068965517242, 
        7.206896551724139, 
        7.551724137931035, 
        7.8965517241379315, 
        8.24137931034483, 
        8.586206896551724, 
        8.931034482758621, 
        9.275862068965518, 
        9.620689655172415, 
        9.965517241379311, 
        10.310344827586208, 
        10.655172413793103, 
        11.0
      ]
    ]
  }, 
  "model_spatial_opts": {
    "n_scan_bins": 25, 
    "select_ev_sigma": 5.0, 
    "rate_rebins": [
      57160.04521959524, 
      57193.573541591075, 
      57227.101863586904, 
      57260.63018558274, 
      57294.15850757858, 
      57327.68682957441, 
      57361.21515157024, 
      57394.74347356608, 
      57428.271795561915, 
      57461.80011755775, 
      57495.32843955358, 
      57528.85676154942
    ], 
    "sindec_bins": [
      -1.0, 
      -0.8333333333333334, 
      -0.6666666666666667, 
      -0.49999999999999994, 
      -0.4285714285714285, 
      -0.3571428571428571, 
      -0.2857142857142857, 
      -0.21428571428571425, 
      -0.14285714285714285, 
      -0.0714285714285714, 
      5.551115123125783e-17, 
      0.07142857142857145, 
      0.14285714285714285, 
      0.21428571428571425, 
      0.28571428571428575, 
      0.35714285714285715, 
      0.42857142857142855, 
      0.49999999999999994, 
      0.6666666666666666, 
      0.8333333333333333, 
      1.0
    ], 
    "kent": true, 
    "spl_s": 10, 
    "n_mc_evts_min": 500
  }, 
  "model_time_opts": {
    "window_opt": "overlapping"
  }, 
  "llh_opts": {
    "sob_abs_eps": 0.001, 
    "minimizer": "L-BFGS-B", 
    "sob_rel_eps": 0, 
    "minimizer_opts": {
      "maxiter": 1000, 
      "gtol": 1e-10, 
      "ftol": 1e-15
    }, 
    "ns_bounds": [
      0.0, 
      null
    ]
  }, 
  "bg_inj_opts": {
    "spl_s": 10, 
    "n_scan_bins": 25, 
    "n_data_evts_min": 100, 
    "rate_rebins": [
      57160.04521959524, 
      57193.573541591075, 
      57227.101863586904, 
      57260.63018558274, 
      57294.15850757858, 
      57327.68682957441, 
      57361.21515157024, 
      57394.74347356608, 
      57428.271795561915, 
      57461.80011755775, 
      57495.32843955358, 
      57528.85676154942
    ], 
    "sindec_bins": [
      -1.0, 
      -0.8333333333333334, 
      -0.6666666666666667, 
      -0.49999999999999994, 
      -0.4285714285714285, 
      -0.3571428571428571, 
      -0.2857142857142857, 
      -0.21428571428571425, 
      -0.14285714285714285, 
      -0.0714285714285714, 
      5.551115123125783e-17, 
      0.07142857142857145, 
      0.14285714285714285, 
      0.21428571428571425, 
      0.28571428571428575, 
      0.35714285714285715, 
      0.42857142857142855, 
      0.49999999999999994, 
      0.6666666666666666, 
      0.8333333333333333, 
      1.0
    ]
  }
}