{
  "sig_inj_opts": {
    "flux_model": {
      "model": "power_law_flux", 
      "args": {
        "E0": 1.0, 
        "gamma": 2.0, 
        "phi0": 1.0
      }
    }, 
    "sindec_inj_width": 0.03489949670250097, 
    "mode": "band", 
    "dec_range": [
      -1.5707963267948966, 
      1.5707963267948966
    ]
  }, 
  "model_energy_opts": {
    "mc_bg_w": null, 
    "edge_fillval": "minmax_col", 
    "force_logE_asc": true, 
    "flux_model": {
      "model": "power_law_flux", 
      "args": {
        "E0": 1.0, 
        "gamma": 2.0, 
        "phi0": 1.0
      }
    }, 
    "interp_col_log": false, 
    "bins": [
      [
        -1.0, 
        -0.8333333333333334, 
        -0.6666666666666667, 
        -0.49999999999999994, 
        -0.4285714285714285, 
        -0.3571428571428571, 
        -0.2857142857142857, 
        -0.21428571428571425, 
        -0.14285714285714285, 
        -0.0714285714285714, 
        5.551115123125783e-17, 
        0.07142857142857145, 
        0.14285714285714285, 
        0.21428571428571425, 
        0.28571428571428575, 
        0.35714285714285715, 
        0.42857142857142855, 
        0.49999999999999994, 
        0.6666666666666666, 
        0.8333333333333333, 
        1.0
      ], 
      [
        0.0, 
        0.3448275862068966, 
        0.6896551724137931, 
        1.0344827586206897, 
        1.3793103448275863, 
        1.7241379310344829, 
        2.0689655172413794, 
        2.413793103448276, 
        2.7586206896551726, 
        3.1034482758620694, 
        3.4482758620689657, 
        3.793103448275862, 
        4.137931034482759, 
        4.482758620689656, 
        4.827586206896552, 
        5.172413793103448, 
        5.517241379310345, 
        5.862068965517242, 
        6.206896551724139, 
        6.551724137931035, 
        6.8965517241379315, 
        7.241379310344828, 
        7.586206896551724, 
        7.931034482758621, 
        8.275862068965518, 
        8.620689655172415, 
        8.965517241379311, 
        9.310344827586208, 
        9.655172413793103, 
        10.0
      ]
    ]
  }, 
  "model_spatial_opts": {
    "n_scan_bins": 25, 
    "select_ev_sigma": 5.0, 
    "rate_rebins": [
      56062.43091268572, 
      56093.79113974989, 
      56125.15136681406, 
      56156.51159387823, 
      56187.871820942404, 
      56219.232048006575, 
      56250.59227507075, 
      56281.95250213492, 
      56313.31272919909, 
      56344.67295626326, 
      56376.03318332743, 
      56407.3934103916, 
      56438.753637455775, 
      56470.113864519946, 
      56501.47409158412, 
      56532.83431864829, 
      56564.19454571246, 
      56595.55477277663, 
      56626.914999840796, 
      56658.27522690497, 
      56689.63545396914, 
      56720.99568103331, 
      56752.35590809748, 
      56783.71613516165, 
      56815.076362225824, 
      56846.436589289995, 
      56877.79681635417, 
      56909.15704341834, 
      56940.51727048251, 
      56971.87749754668, 
      57003.23772461085, 
      57034.59795167502, 
      57065.958178739194, 
      57097.318405803366, 
      57128.67863286754, 
      57160.03885993171
    ], 
    "sindec_bins": [
      -1.0, 
      -0.8333333333333334, 
      -0.6666666666666667, 
      -0.49999999999999994, 
      -0.4285714285714285, 
      -0.3571428571428571, 
      -0.2857142857142857, 
      -0.21428571428571425, 
      -0.14285714285714285, 
      -0.0714285714285714, 
      5.551115123125783e-17, 
      0.07142857142857145, 
      0.14285714285714285, 
      0.21428571428571425, 
      0.28571428571428575, 
      0.35714285714285715, 
      0.42857142857142855, 
      0.49999999999999994, 
      0.6666666666666666, 
      0.8333333333333333, 
      1.0
    ], 
    "kent": true, 
    "spl_s": 10, 
    "n_mc_evts_min": 500
  }, 
  "model_time_opts": {
    "window_opt": "overlapping"
  }, 
  "llh_opts": {
    "sob_abs_eps": 0.001, 
    "minimizer": "L-BFGS-B", 
    "sob_rel_eps": 0, 
    "minimizer_opts": {
      "maxiter": 1000, 
      "gtol": 1e-10, 
      "ftol": 1e-15
    }, 
    "ns_bounds": [
      0.0, 
      null
    ]
  }, 
  "bg_inj_opts": {
    "spl_s": 10, 
    "n_scan_bins": 25, 
    "n_data_evts_min": 100, 
    "rate_rebins": [
      56062.43091268572, 
      56093.79113974989, 
      56125.15136681406, 
      56156.51159387823, 
      56187.871820942404, 
      56219.232048006575, 
      56250.59227507075, 
      56281.95250213492, 
      56313.31272919909, 
      56344.67295626326, 
      56376.03318332743, 
      56407.3934103916, 
      56438.753637455775, 
      56470.113864519946, 
      56501.47409158412, 
      56532.83431864829, 
      56564.19454571246, 
      56595.55477277663, 
      56626.914999840796, 
      56658.27522690497, 
      56689.63545396914, 
      56720.99568103331, 
      56752.35590809748, 
      56783.71613516165, 
      56815.076362225824, 
      56846.436589289995, 
      56877.79681635417, 
      56909.15704341834, 
      56940.51727048251, 
      56971.87749754668, 
      57003.23772461085, 
      57034.59795167502, 
      57065.958178739194, 
      57097.318405803366, 
      57128.67863286754, 
      57160.03885993171
    ], 
    "sindec_bins": [
      -1.0, 
      -0.8333333333333334, 
      -0.6666666666666667, 
      -0.49999999999999994, 
      -0.4285714285714285, 
      -0.3571428571428571, 
      -0.2857142857142857, 
      -0.21428571428571425, 
      -0.14285714285714285, 
      -0.0714285714285714, 
      5.551115123125783e-17, 
      0.07142857142857145, 
      0.14285714285714285, 
      0.21428571428571425, 
      0.28571428571428575, 
      0.35714285714285715, 
      0.42857142857142855, 
      0.49999999999999994, 
      0.6666666666666666, 
      0.8333333333333333, 
      1.0
    ]
  }
}
